0.005399294663220644,-0.006596189923584461,0.002749198582023382,-0.010111424140632153
0.005399294663220644,-0.006596189923584461,0.002749198582023382,-0.010111424140632153
0.005399294663220644,-0.006596189923584461,0.002749198582023382,-0.010111424140632153
0.005399294663220644,-0.006596189923584461,0.002749198582023382,-0.010111424140632153
0.005399294663220644,-0.006596189923584461,0.002749198582023382,-0.010111424140632153
0.005399294663220644,-0.006596189923584461,0.002749198582023382,-0.010111424140632153
0.005399294663220644,-0.006596189923584461,0.002749198582023382,-0.010111424140632153
0.005399294663220644,-0.006596189923584461,0.002749198582023382,-0.010111424140632153
0.005399294663220644,-0.006596189923584461,0.002749198582023382,-0.010111424140632153
0.005399294663220644,-0.006596189923584461,0.002749198582023382,-0.010111424140632153
0.005399294663220644,-0.006596189923584461,0.002749198582023382,-0.010111424140632153
0.005399294663220644,-0.006596189923584461,0.002749198582023382,-0.010111424140632153
0.005399294663220644,-0.006596189923584461,0.002749198582023382,-0.010111424140632153
0.005399294663220644,-0.006596189923584461,0.002749198582023382,-0.010111424140632153
0.005399294663220644,-0.006596189923584461,0.002749198582023382,-0.010111424140632153
0.005399294663220644,-0.006596189923584461,0.002749198582023382,-0.010111424140632153
0.005399294663220644,-0.006596189923584461,0.002749198582023382,-0.010111424140632153
0.005399294663220644,-0.006596189923584461,0.002749198582023382,-0.010111424140632153
0.005399294663220644,-0.006596189923584461,0.002749198582023382,-0.010111424140632153
0.005399294663220644,-0.006596189923584461,0.002749198582023382,-0.010111424140632153
0.005399294663220644,-0.006596189923584461,0.002749198582023382,-0.010111424140632153
0.005399294663220644,-0.006596189923584461,0.002749198582023382,-0.010111424140632153
0.005399294663220644,-0.006596189923584461,0.002749198582023382,-0.010111424140632153
0.005399294663220644,-0.006596189923584461,0.002749198582023382,-0.010111424140632153
0.005399294663220644,-0.006596189923584461,0.002749198582023382,-0.010111424140632153
0.005399294663220644,-0.006596189923584461,0.002749198582023382,-0.010111424140632153
0.005399294663220644,-0.006596189923584461,0.002749198582023382,-0.010111424140632153
0.005399294663220644,-0.006596189923584461,0.002749198582023382,-0.010111424140632153
0.005399294663220644,-0.006596189923584461,0.002749198582023382,-0.010111424140632153
0.005399294663220644,-0.006596189923584461,0.002749198582023382,-0.010111424140632153
0.005399294663220644,-0.006596189923584461,0.002749198582023382,-0.010111424140632153
0.005399294663220644,-0.006596189923584461,0.002749198582023382,-0.010111424140632153
0.005399294663220644,-0.006596189923584461,0.002749198582023382,-0.010111424140632153
